排放年,广东,江苏,浙江,山东,河南,四川,湖北,湖南,福建,安徽,河北,上海,北京,陕西,江西,辽宁,重庆,云南,广西,贵州,山西,内蒙古,天津,新疆,黑龙江,吉林,甘肃,海南,宁夏,青海,西藏
2025,10.91,9.98,6.54,7.24,5.56,4.79,4.29,4.12,4.28,3.82,3.6,3.81,3.56,2.58,2.53,2.48,2.47,2.42,2.19,1.76,1.74,1.71,1.39,1.36,1.35,1.21,0.89,0.55,0.39,0.3,0.19
2026,10.9,9.95,6.57,7.24,5.58,4.79,4.29,4.12,4.27,3.82,3.6,3.81,3.56,2.58,2.53,2.48,2.47,2.42,2.19,1.76,1.74,1.71,1.39,1.36,1.35,1.21,0.89,0.55,0.39,0.3,0.19
2027,10.9,9.91,6.6,7.25,5.61,4.79,4.28,4.12,4.26,3.81,3.6,3.81,3.56,2.58,2.53,2.48,2.47,2.42,2.19,1.76,1.74,1.71,1.39,1.36,1.35,1.21,0.89,0.55,0.39,0.3,0.19
2028,10.89,9.88,6.63,7.25,5.63,4.79,4.28,4.12,4.25,3.81,3.61,3.81,3.56,2.58,2.53,2.48,2.47,2.42,2.18,1.76,1.74,1.71,1.39,1.36,1.35,1.21,0.89,0.55,0.39,0.3,0.19
2029,10.89,9.84,6.66,7.25,5.66,4.79,4.28,4.12,4.24,3.81,3.61,3.8,3.56,2.58,2.53,2.48,2.46,2.42,2.18,1.76,1.74,1.71,1.39,1.36,1.35,1.21,0.89,0.55,0.39,0.3,0.19
2030,10.88,9.81,6.7,7.26,5.68,4.79,4.28,4.12,4.23,3.81,3.62,3.8,3.56,2.58,2.53,2.48,2.46,2.42,2.18,1.76,1.74,1.71,1.39,1.36,1.35,1.21,0.89,0.55,0.39,0.3,0.19
2031,10.87,9.78,6.73,7.26,5.7,4.79,4.28,4.12,4.22,3.81,3.62,3.8,3.56,2.58,2.53,2.47,2.46,2.42,2.18,1.76,1.74,1.71,1.39,1.36,1.35,1.21,0.89,0.55,0.39,0.3,0.19
2032,10.87,9.74,6.76,7.26,5.73,4.79,4.28,4.12,4.2,3.81,3.62,3.8,3.56,2.58,2.53,2.47,2.46,2.42,2.18,1.76,1.74,1.71,1.39,1.36,1.35,1.21,0.89,0.54,0.39,0.3,0.19
2033,10.86,9.71,6.79,7.27,5.75,4.79,4.28,4.12,4.19,3.81,3.63,3.79,3.56,2.58,2.53,2.47,2.46,2.42,2.18,1.76,1.74,1.71,1.39,1.36,1.35,1.21,0.89,0.54,0.39,0.3,0.19
2034,10.86,9.68,6.82,7.27,5.78,4.79,4.28,4.11,4.18,3.81,3.63,3.79,3.55,2.58,2.53,2.47,2.46,2.41,2.18,1.76,1.74,1.71,1.39,1.36,1.35,1.21,0.89,0.54,0.39,0.3,0.19
2035,10.85,9.64,6.85,7.27,5.8,4.78,4.28,4.11,4.17,3.81,3.63,3.79,3.55,2.58,2.53,2.47,2.46,2.41,2.18,1.76,1.74,1.71,1.39,1.36,1.35,1.21,0.89,0.54,0.39,0.3,0.19
2036,10.84,9.61,6.88,7.27,5.83,4.78,4.28,4.11,4.16,3.81,3.64,3.79,3.55,2.58,2.53,2.47,2.46,2.41,2.18,1.75,1.74,1.71,1.39,1.36,1.35,1.21,0.89,0.54,0.39,0.3,0.19
2037,10.84,9.58,6.92,7.28,5.85,4.78,4.27,4.11,4.15,3.81,3.64,3.79,3.55,2.58,2.53,2.47,2.46,2.41,2.18,1.75,1.74,1.71,1.39,1.36,1.35,1.21,0.89,0.54,0.39,0.3,0.19
2038,10.83,9.54,6.95,7.28,5.88,4.78,4.27,4.11,4.14,3.81,3.65,3.78,3.55,2.58,2.53,2.47,2.46,2.41,2.18,1.75,1.74,1.71,1.39,1.36,1.35,1.21,0.89,0.54,0.39,0.3,0.19
2039,10.83,9.51,6.98,7.28,5.9,4.78,4.27,4.11,4.13,3.8,3.65,3.78,3.55,2.58,2.53,2.47,2.46,2.41,2.18,1.75,1.74,1.71,1.39,1.36,1.35,1.21,0.89,0.54,0.39,0.3,0.19
2040,10.82,9.48,7.01,7.29,5.93,4.78,4.27,4.11,4.12,3.8,3.65,3.78,3.55,2.57,2.53,2.47,2.46,2.41,2.18,1.75,1.74,1.71,1.38,1.36,1.35,1.21,0.89,0.54,0.39,0.3,0.19
2041,10.81,9.44,7.04,7.29,5.95,4.78,4.27,4.11,4.11,3.8,3.66,3.78,3.55,2.57,2.53,2.47,2.46,2.41,2.18,1.75,1.74,1.71,1.38,1.36,1.35,1.21,0.89,0.54,0.39,0.3,0.19
2042,10.81,9.41,7.07,7.29,5.98,4.78,4.27,4.11,4.09,3.8,3.66,3.78,3.55,2.57,2.53,2.47,2.46,2.41,2.18,1.75,1.74,1.71,1.38,1.36,1.35,1.21,0.89,0.54,0.39,0.3,0.19
2043,10.8,9.38,7.1,7.3,6.0,4.78,4.27,4.11,4.08,3.8,3.67,3.77,3.55,2.57,2.52,2.47,2.46,2.41,2.18,1.75,1.73,1.71,1.38,1.36,1.35,1.21,0.89,0.54,0.39,0.3,0.19
2044,10.8,9.34,7.14,7.3,6.03,4.77,4.27,4.1,4.07,3.8,3.67,3.77,3.55,2.57,2.52,2.47,2.46,2.41,2.18,1.75,1.73,1.71,1.38,1.36,1.35,1.21,0.89,0.54,0.39,0.3,0.19
2045,10.79,9.31,7.17,7.3,6.05,4.77,4.27,4.1,4.06,3.8,3.67,3.77,3.55,2.57,2.52,2.47,2.46,2.41,2.18,1.75,1.73,1.71,1.38,1.36,1.35,1.21,0.89,0.54,0.39,0.3,0.19
2046,10.78,9.28,7.2,7.31,6.08,4.77,4.27,4.1,4.05,3.8,3.68,3.77,3.55,2.57,2.52,2.47,2.46,2.41,2.18,1.75,1.73,1.7,1.38,1.35,1.35,1.21,0.89,0.54,0.39,0.3,0.19
2047,10.78,9.24,7.23,7.31,6.1,4.77,4.27,4.1,4.04,3.8,3.68,3.76,3.54,2.57,2.52,2.47,2.45,2.41,2.18,1.75,1.73,1.7,1.38,1.35,1.35,1.21,0.89,0.54,0.38,0.3,0.19
2048,10.77,9.21,7.26,7.31,6.13,4.77,4.26,4.1,4.03,3.8,3.69,3.76,3.54,2.57,2.52,2.47,2.45,2.41,2.17,1.75,1.73,1.7,1.38,1.35,1.34,1.21,0.89,0.54,0.38,0.3,0.19
2049,10.77,9.17,7.29,7.32,6.15,4.77,4.26,4.1,4.02,3.8,3.69,3.76,3.54,2.57,2.52,2.46,2.45,2.41,2.17,1.75,1.73,1.7,1.38,1.35,1.34,1.21,0.88,0.54,0.38,0.3,0.19
2050,10.76,9.14,7.32,7.32,6.18,4.77,4.26,4.1,4.01,3.8,3.69,3.76,3.54,2.57,2.52,2.46,2.45,2.41,2.17,1.75,1.73,1.7,1.38,1.35,1.34,1.21,0.88,0.54,0.38,0.29,0.19
2051,10.75,9.11,7.35,7.32,6.2,4.77,4.26,4.1,4.0,3.79,3.7,3.76,3.54,2.57,2.52,2.46,2.45,2.41,2.17,1.75,1.73,1.7,1.38,1.35,1.34,1.21,0.88,0.54,0.38,0.29,0.19
2052,10.75,9.07,7.39,7.33,6.23,4.77,4.26,4.1,3.98,3.79,3.7,3.75,3.54,2.57,2.52,2.46,2.45,2.41,2.17,1.75,1.73,1.7,1.38,1.35,1.34,1.21,0.88,0.54,0.38,0.29,0.19
2053,10.74,9.04,7.42,7.33,6.25,4.77,4.26,4.1,3.97,3.79,3.7,3.75,3.54,2.57,2.52,2.46,2.45,2.4,2.17,1.75,1.73,1.7,1.38,1.35,1.34,1.21,0.88,0.54,0.38,0.29,0.19
2054,10.74,9.01,7.45,7.33,6.27,4.76,4.26,4.1,3.96,3.79,3.71,3.75,3.54,2.57,2.52,2.46,2.45,2.4,2.17,1.75,1.73,1.7,1.38,1.35,1.34,1.21,0.88,0.54,0.38,0.29,0.19
2055,10.73,8.97,7.48,7.34,6.3,4.76,4.26,4.09,3.95,3.79,3.71,3.75,3.54,2.57,2.52,2.46,2.45,2.4,2.17,1.75,1.73,1.7,1.38,1.35,1.34,1.21,0.88,0.54,0.38,0.29,0.19
2056,10.72,8.94,7.51,7.34,6.32,4.76,4.26,4.09,3.94,3.79,3.72,3.74,3.54,2.57,2.52,2.46,2.45,2.4,2.17,1.75,1.73,1.7,1.38,1.35,1.34,1.21,0.88,0.54,0.38,0.29,0.19
2057,10.72,8.91,7.54,7.34,6.35,4.76,4.26,4.09,3.93,3.79,3.72,3.74,3.54,2.56,2.52,2.46,2.45,2.4,2.17,1.75,1.73,1.7,1.38,1.35,1.34,1.21,0.88,0.54,0.38,0.29,0.19
2058,10.71,8.87,7.57,7.35,6.37,4.76,4.26,4.09,3.92,3.79,3.72,3.74,3.54,2.56,2.52,2.46,2.45,2.4,2.17,1.75,1.73,1.7,1.38,1.35,1.34,1.21,0.88,0.54,0.38,0.29,0.19
2059,10.71,8.84,7.61,7.35,6.4,4.76,4.25,4.09,3.91,3.79,3.73,3.74,3.54,2.56,2.52,2.46,2.45,2.4,2.17,1.75,1.73,1.7,1.38,1.35,1.34,1.21,0.88,0.54,0.38,0.29,0.19
2060,10.7,8.81,7.64,7.35,6.42,4.76,4.25,4.09,3.9,3.79,3.73,3.74,3.53,2.56,2.52,2.46,2.45,2.4,2.17,1.75,1.73,1.7,1.38,1.35,1.34,1.21,0.88,0.54,0.38,0.29,0.19
2061,10.69,8.77,7.67,7.36,6.45,4.76,4.25,4.09,3.89,3.79,3.74,3.73,3.53,2.56,2.51,2.46,2.45,2.4,2.17,1.74,1.73,1.7,1.38,1.35,1.34,1.2,0.88,0.54,0.38,0.29,0.19
2062,10.69,8.74,7.7,7.36,6.47,4.76,4.25,4.09,3.87,3.79,3.74,3.73,3.53,2.56,2.51,2.46,2.45,2.4,2.17,1.74,1.73,1.7,1.38,1.35,1.34,1.2,0.88,0.54,0.38,0.29,0.19
2063,10.68,8.71,7.73,7.36,6.5,4.75,4.25,4.09,3.86,3.78,3.74,3.73,3.53,2.56,2.51,2.46,2.45,2.4,2.17,1.74,1.73,1.7,1.38,1.35,1.34,1.2,0.88,0.54,0.38,0.29,0.19
2064,10.68,8.67,7.76,7.37,6.52,4.75,4.25,4.09,3.85,3.78,3.75,3.73,3.53,2.56,2.51,2.46,2.45,2.4,2.17,1.74,1.73,1.7,1.38,1.35,1.34,1.2,0.88,0.54,0.38,0.29,0.19
2065,10.67,8.64,7.79,7.37,6.55,4.75,4.25,4.09,3.84,3.78,3.75,3.73,3.53,2.56,2.51,2.46,2.45,2.4,2.17,1.74,1.73,1.7,1.38,1.35,1.34,1.2,0.88,0.54,0.38,0.29,0.19
2066,10.66,8.61,7.83,7.37,6.57,4.75,4.25,4.08,3.83,3.78,3.75,3.72,3.53,2.56,2.51,2.46,2.44,2.4,2.17,1.74,1.73,1.7,1.38,1.35,1.34,1.2,0.88,0.54,0.38,0.29,0.19
2067,10.66,8.57,7.86,7.37,6.6,4.75,4.25,4.08,3.82,3.78,3.76,3.72,3.53,2.56,2.51,2.45,2.44,2.4,2.17,1.74,1.73,1.7,1.38,1.35,1.34,1.2,0.88,0.54,0.38,0.29,0.19
2068,10.65,8.54,7.89,7.38,6.62,4.75,4.25,4.08,3.81,3.78,3.76,3.72,3.53,2.56,2.51,2.45,2.44,2.4,2.17,1.74,1.73,1.7,1.38,1.35,1.34,1.2,0.88,0.54,0.38,0.29,0.19
2069,10.65,8.51,7.92,7.38,6.65,4.75,4.24,4.08,3.8,3.78,3.77,3.72,3.53,2.56,2.51,2.45,2.44,2.4,2.16,1.74,1.72,1.7,1.38,1.35,1.34,1.2,0.88,0.54,0.38,0.29,0.19
2070,10.64,8.47,7.95,7.38,6.67,4.75,4.24,4.08,3.79,3.78,3.77,3.71,3.53,2.56,2.51,2.45,2.44,2.4,2.16,1.74,1.72,1.7,1.38,1.35,1.34,1.2,0.88,0.54,0.38,0.29,0.19
2071,10.63,8.44,7.98,7.39,6.7,4.75,4.24,4.08,3.77,3.78,3.77,3.71,3.53,2.56,2.51,2.45,2.44,2.39,2.16,1.74,1.72,1.7,1.38,1.35,1.34,1.2,0.88,0.54,0.38,0.29,0.19
2072,10.63,8.4,8.01,7.39,6.72,4.75,4.24,4.08,3.76,3.78,3.78,3.71,3.53,2.56,2.51,2.45,2.44,2.39,2.16,1.74,1.72,1.7,1.38,1.35,1.34,1.2,0.88,0.54,0.38,0.29,0.19
2073,10.62,8.37,8.05,7.39,6.75,4.74,4.24,4.08,3.75,3.78,3.78,3.71,3.52,2.56,2.51,2.45,2.44,2.39,2.16,1.74,1.72,1.69,1.37,1.35,1.34,1.2,0.88,0.54,0.38,0.29,0.19
2074,10.62,8.34,8.08,7.4,6.77,4.74,4.24,4.08,3.74,3.78,3.79,3.71,3.52,2.56,2.51,2.45,2.44,2.39,2.16,1.74,1.72,1.69,1.37,1.35,1.34,1.2,0.88,0.54,0.38,0.29,0.19
2075,10.61,8.3,8.11,7.4,6.8,4.74,4.24,4.08,3.73,3.77,3.79,3.7,3.52,2.55,2.51,2.45,2.44,2.39,2.16,1.74,1.72,1.69,1.37,1.35,1.34,1.2,0.88,0.54,0.38,0.29,0.19
2076,10.6,8.27,8.14,7.4,6.82,4.74,4.24,4.08,3.72,3.77,3.79,3.7,3.52,2.55,2.51,2.45,2.44,2.39,2.16,1.74,1.72,1.69,1.37,1.35,1.34,1.2,0.88,0.54,0.38,0.29,0.19
2077,10.6,8.24,8.17,7.41,6.84,4.74,4.24,4.07,3.71,3.77,3.8,3.7,3.52,2.55,2.51,2.45,2.44,2.39,2.16,1.74,1.72,1.69,1.37,1.35,1.34,1.2,0.88,0.54,0.38,0.29,0.19
2078,10.59,8.2,8.2,7.41,6.87,4.74,4.24,4.07,3.7,3.77,3.8,3.7,3.52,2.55,2.51,2.45,2.44,2.39,2.16,1.74,1.72,1.69,1.37,1.35,1.34,1.2,0.88,0.54,0.38,0.29,0.19
2079,10.59,8.17,8.23,7.41,6.89,4.74,4.24,4.07,3.69,3.77,3.81,3.7,3.52,2.55,2.5,2.45,2.44,2.39,2.16,1.74,1.72,1.69,1.37,1.35,1.34,1.2,0.88,0.54,0.38,0.29,0.19
2080,10.58,8.14,8.27,7.42,6.92,4.74,4.23,4.07,3.68,3.77,3.81,3.69,3.52,2.55,2.5,2.45,2.44,2.39,2.16,1.74,1.72,1.69,1.37,1.34,1.34,1.2,0.88,0.54,0.38,0.29,0.19
2081,10.57,8.1,8.3,7.42,6.94,4.74,4.23,4.07,3.66,3.77,3.81,3.69,3.52,2.55,2.5,2.45,2.44,2.39,2.16,1.74,1.72,1.69,1.37,1.34,1.33,1.2,0.88,0.54,0.38,0.29,0.19
2082,10.57,8.07,8.33,7.42,6.97,4.73,4.23,4.07,3.65,3.77,3.82,3.69,3.52,2.55,2.5,2.45,2.44,2.39,2.16,1.74,1.72,1.69,1.37,1.34,1.33,1.2,0.88,0.54,0.38,0.29,0.19
2083,10.56,8.04,8.36,7.43,6.99,4.73,4.23,4.07,3.64,3.77,3.82,3.69,3.52,2.55,2.5,2.45,2.44,2.39,2.16,1.74,1.72,1.69,1.37,1.34,1.33,1.2,0.88,0.54,0.38,0.29,0.19
2084,10.56,8.0,8.39,7.43,7.02,4.73,4.23,4.07,3.63,3.77,3.82,3.68,3.52,2.55,2.5,2.45,2.43,2.39,2.16,1.74,1.72,1.69,1.37,1.34,1.33,1.2,0.88,0.54,0.38,0.29,0.19
2085,10.55,7.97,8.42,7.43,7.04,4.73,4.23,4.07,3.62,3.77,3.83,3.68,3.51,2.55,2.5,2.45,2.43,2.39,2.16,1.74,1.72,1.69,1.37,1.34,1.33,1.2,0.88,0.54,0.38,0.29,0.19
2086,10.54,7.94,8.45,7.44,7.07,4.73,4.23,4.07,3.61,3.76,3.83,3.68,3.51,2.55,2.5,2.44,2.43,2.39,2.16,1.74,1.72,1.69,1.37,1.34,1.33,1.2,0.88,0.54,0.38,0.29,0.19
2087,10.54,7.9,8.48,7.44,7.09,4.73,4.23,4.07,3.6,3.76,3.84,3.68,3.51,2.55,2.5,2.44,2.43,2.39,2.16,1.73,1.72,1.69,1.37,1.34,1.33,1.2,0.88,0.54,0.38,0.29,0.19
2088,10.53,7.87,8.52,7.44,7.12,4.73,4.23,4.06,3.59,3.76,3.84,3.68,3.51,2.55,2.5,2.44,2.43,2.39,2.16,1.73,1.72,1.69,1.37,1.34,1.33,1.2,0.88,0.54,0.38,0.29,0.19
2089,10.53,7.84,8.55,7.45,7.14,4.73,4.23,4.06,3.58,3.76,3.84,3.67,3.51,2.55,2.5,2.44,2.43,2.39,2.16,1.73,1.72,1.69,1.37,1.34,1.33,1.2,0.88,0.54,0.38,0.29,0.19
2090,10.52,7.8,8.58,7.45,7.17,4.73,4.22,4.06,3.57,3.76,3.85,3.67,3.51,2.55,2.5,2.44,2.43,2.38,2.15,1.73,1.72,1.69,1.37,1.34,1.33,1.2,0.88,0.54,0.38,0.29,0.19
2091,10.52,7.8,8.58,7.45,7.17,4.73,4.22,4.06,3.57,3.76,3.85,3.67,3.51,2.55,2.5,2.44,2.43,2.38,2.15,1.73,1.72,1.69,1.37,1.34,1.33,1.2,0.88,0.54,0.38,0.29,0.19
2092,10.52,7.8,8.58,7.45,7.17,4.73,4.22,4.06,3.57,3.76,3.85,3.67,3.51,2.55,2.5,2.44,2.43,2.38,2.15,1.73,1.72,1.69,1.37,1.34,1.33,1.2,0.88,0.54,0.38,0.29,0.19
2093,10.52,7.8,8.58,7.45,7.17,4.73,4.22,4.06,3.57,3.76,3.85,3.67,3.51,2.55,2.5,2.44,2.43,2.38,2.15,1.73,1.72,1.69,1.37,1.34,1.33,1.2,0.88,0.54,0.38,0.29,0.19
2094,10.52,7.8,8.58,7.45,7.17,4.73,4.22,4.06,3.57,3.76,3.85,3.67,3.51,2.55,2.5,2.44,2.43,2.38,2.15,1.73,1.72,1.69,1.37,1.34,1.33,1.2,0.88,0.54,0.38,0.29,0.19
2095,10.52,7.8,8.58,7.45,7.17,4.73,4.22,4.06,3.57,3.76,3.85,3.67,3.51,2.55,2.5,2.44,2.43,2.38,2.15,1.73,1.72,1.69,1.37,1.34,1.33,1.2,0.88,0.54,0.38,0.29,0.19
2096,10.52,7.8,8.58,7.45,7.17,4.73,4.22,4.06,3.57,3.76,3.85,3.67,3.51,2.55,2.5,2.44,2.43,2.38,2.15,1.73,1.72,1.69,1.37,1.34,1.33,1.2,0.88,0.54,0.38,0.29,0.19
2097,10.52,7.8,8.58,7.45,7.17,4.73,4.22,4.06,3.57,3.76,3.85,3.67,3.51,2.55,2.5,2.44,2.43,2.38,2.15,1.73,1.72,1.69,1.37,1.34,1.33,1.2,0.88,0.54,0.38,0.29,0.19
2098,10.52,7.8,8.58,7.45,7.17,4.73,4.22,4.06,3.57,3.76,3.85,3.67,3.51,2.55,2.5,2.44,2.43,2.38,2.15,1.73,1.72,1.69,1.37,1.34,1.33,1.2,0.88,0.54,0.38,0.29,0.19
2099,10.52,7.8,8.58,7.45,7.17,4.73,4.22,4.06,3.57,3.76,3.85,3.67,3.51,2.55,2.5,2.44,2.43,2.38,2.15,1.73,1.72,1.69,1.37,1.34,1.33,1.2,0.88,0.54,0.38,0.29,0.19
2100,10.52,7.8,8.58,7.45,7.17,4.73,4.22,4.06,3.57,3.76,3.85,3.67,3.51,2.55,2.5,2.44,2.43,2.38,2.15,1.73,1.72,1.69,1.37,1.34,1.33,1.2,0.88,0.54,0.38,0.29,0.19
