year,上海,云南,内蒙古,北京,吉林,四川,天津,宁夏,安徽,山东,山西,广东,广西,新疆,江苏,江西,河北,河南,浙江,海南,湖北,湖南,甘肃,福建,西藏,贵州,辽宁,重庆,陕西,青海,黑龙江
2026,3.751,2.232,2.008,3.826,1.396,4.714,1.492,0.445,3.839,7.655,1.91,9.909,1.984,1.627,10.037,2.416,3.852,5.752,6.276,0.475,4.279,3.991,1.023,3.972,0.22,1.65,2.774,2.388,2.833,0.348,1.584
2027,3.866,2.302,2.07,3.945,1.44,4.861,1.539,0.459,3.958,7.898,1.969,10.213,2.046,1.677,10.315,2.491,3.977,5.96,6.505,0.489,4.412,4.115,1.055,4.086,0.227,1.701,2.86,2.462,2.921,0.358,1.634
2028,3.976,2.368,2.13,4.058,1.481,5.001,1.583,0.472,4.072,8.132,2.026,10.504,2.105,1.726,10.578,2.563,4.097,6.161,6.727,0.504,4.539,4.233,1.085,4.193,0.233,1.75,2.942,2.533,3.005,0.369,1.681
2029,4.081,2.432,2.187,4.167,1.521,5.136,1.626,0.484,4.182,8.356,2.081,10.783,2.161,1.772,10.827,2.631,4.213,6.357,6.943,0.517,4.661,4.347,1.114,4.295,0.24,1.797,3.022,2.602,3.086,0.379,1.726
2030,4.18,2.492,2.241,4.27,1.559,5.262,1.666,0.496,4.285,8.568,2.132,11.045,2.215,1.816,11.058,2.696,4.322,6.544,7.15,0.53,4.776,4.454,1.142,4.39,0.246,1.841,3.096,2.666,3.162,0.388,1.769
2031,4.276,2.55,2.293,4.369,1.595,5.384,1.704,0.508,4.384,8.772,2.181,11.297,2.266,1.858,11.277,2.759,4.428,6.727,7.353,0.542,4.887,4.558,1.168,4.481,0.251,1.884,3.168,2.727,3.235,0.397,1.81
2032,4.364,2.603,2.341,4.46,1.628,5.497,1.74,0.519,4.476,8.962,2.227,11.529,2.313,1.897,11.475,2.816,4.527,6.901,7.544,0.553,4.989,4.653,1.192,4.564,0.257,1.923,3.234,2.784,3.303,0.405,1.847
2033,4.446,2.653,2.386,4.546,1.659,5.602,1.773,0.528,4.562,9.14,2.27,11.747,2.358,1.933,11.657,2.871,4.62,7.066,7.728,0.564,5.085,4.742,1.215,4.64,0.262,1.96,3.296,2.838,3.366,0.413,1.883
2034,4.522,2.699,2.428,4.625,1.688,5.7,1.804,0.538,4.642,9.306,2.309,11.948,2.399,1.967,11.822,2.921,4.707,7.223,7.902,0.574,5.174,4.825,1.237,4.709,0.266,1.994,3.354,2.887,3.425,0.42,1.916
2035,4.597,2.745,2.469,4.704,1.717,5.797,1.835,0.547,4.721,9.472,2.349,12.148,2.44,2.0,11.983,2.971,4.794,7.381,8.077,0.584,5.262,4.907,1.258,4.778,0.271,2.028,3.411,2.937,3.484,0.428,1.948
2036,4.669,2.789,2.508,4.779,1.744,5.889,1.864,0.556,4.796,9.629,2.386,12.337,2.479,2.032,12.133,3.018,4.876,7.533,8.247,0.593,5.346,4.985,1.278,4.842,0.275,2.061,3.465,2.983,3.539,0.434,1.979
2037,4.736,2.83,2.545,4.849,1.77,5.976,1.892,0.564,4.866,9.777,2.421,12.514,2.515,2.062,12.27,3.062,4.955,7.679,8.409,0.602,5.424,5.059,1.296,4.901,0.279,2.091,3.516,3.027,3.591,0.441,2.009
2038,4.798,2.868,2.58,4.915,1.794,6.057,1.917,0.571,4.932,9.916,2.454,12.679,2.549,2.09,12.395,3.104,5.028,7.819,8.565,0.61,5.498,5.127,1.314,4.955,0.283,2.119,3.564,3.068,3.64,0.447,2.036
2039,4.862,2.907,2.615,4.982,1.818,6.14,1.944,0.579,4.999,10.058,2.487,12.847,2.584,2.118,12.521,3.146,5.104,7.962,8.724,0.618,5.573,5.197,1.332,5.01,0.287,2.148,3.612,3.11,3.689,0.453,2.063
2040,4.923,2.945,2.649,5.047,1.842,6.219,1.969,0.587,5.064,10.196,2.52,13.01,2.617,2.146,12.641,3.187,5.177,8.102,8.881,0.626,5.645,5.265,1.349,5.062,0.29,2.176,3.659,3.151,3.737,0.459,2.09
2041,4.981,2.981,2.681,5.108,1.865,6.295,1.993,0.594,5.126,10.327,2.55,13.164,2.649,2.172,12.751,3.226,5.247,8.238,9.033,0.634,5.714,5.329,1.366,5.11,0.294,2.203,3.704,3.189,3.783,0.464,2.116
2042,5.036,3.015,2.712,5.166,1.886,6.366,2.015,0.601,5.184,10.451,2.579,13.308,2.679,2.197,12.852,3.262,5.314,8.37,9.18,0.641,5.779,5.389,1.381,5.155,0.297,2.228,3.746,3.225,3.826,0.47,2.14
2043,5.09,3.048,2.742,5.223,1.907,6.437,2.038,0.607,5.242,10.575,2.608,13.451,2.709,2.221,12.95,3.298,5.38,8.501,9.326,0.648,5.843,5.449,1.396,5.199,0.301,2.252,3.787,3.261,3.868,0.475,2.163
2044,5.142,3.081,2.771,5.279,1.927,6.505,2.059,0.614,5.297,10.695,2.636,13.59,2.738,2.245,13.042,3.333,5.444,8.63,9.471,0.655,5.905,5.507,1.411,5.241,0.304,2.276,3.827,3.295,3.909,0.48,2.186
2045,5.193,3.112,2.799,5.333,1.946,6.571,2.08,0.62,5.351,10.811,2.662,13.723,2.766,2.267,13.129,3.367,5.507,8.757,9.613,0.662,5.965,5.563,1.426,5.281,0.307,2.299,3.866,3.329,3.949,0.485,2.209
2046,5.241,3.142,2.826,5.384,1.965,6.635,2.1,0.626,5.403,10.922,2.688,13.851,2.792,2.289,13.21,3.4,5.567,8.881,9.752,0.668,6.022,5.617,1.439,5.318,0.31,2.322,3.904,3.361,3.987,0.489,2.23
2047,5.288,3.172,2.853,5.435,1.984,6.698,2.12,0.632,5.454,11.033,2.713,13.976,2.819,2.311,13.288,3.432,5.627,9.005,9.891,0.674,6.079,5.669,1.453,5.354,0.313,2.343,3.94,3.393,4.025,0.494,2.251
2048,5.333,3.199,2.878,5.483,2.001,6.756,2.139,0.637,5.502,11.137,2.737,14.094,2.843,2.331,13.357,3.462,5.684,9.124,10.025,0.68,6.133,5.719,1.466,5.387,0.315,2.364,3.975,3.423,4.06,0.498,2.271
2049,5.374,3.225,2.901,5.527,2.017,6.811,2.156,0.643,5.546,11.236,2.759,14.204,2.866,2.35,13.418,3.49,5.738,9.239,10.154,0.686,6.182,5.766,1.478,5.417,0.318,2.383,4.007,3.45,4.093,0.502,2.289
2050,5.412,3.249,2.923,5.568,2.032,6.862,2.172,0.647,5.588,11.327,2.78,14.304,2.888,2.368,13.47,3.516,5.788,9.349,10.278,0.691,6.228,5.809,1.489,5.443,0.32,2.401,4.037,3.476,4.123,0.506,2.306
