model,2006,2007,2008,2009,2010,2011,2012,2013,2014,2015,2016,2017,2018,2019,2020,2021,2022,2023,2024,2025,2026,2027,2028,2029,2030,2031,2032,2033,2034,2035,2036,2037,2038,2039,2040,2041,2042,2043,2044,2045,2046,2047,2048,2049,2050,2051,2052,2053,2054,2055,2056,2057,2058,2059,2060,2061,2062,2063,2064,2065,2066,2067,2068,2069,2070,2071,2072,2073,2074,2075,2076,2077,2078,2079,2080,2081,2082,2083,2084,2085,2086,2087,2088,2089,2090,2091,2092,2093,2094,2095,2096,2097,2098,2099,2100,2101,2102,2103,2104,2105,
CCSM4,14.808601600245188,14.819284942059474,14.83028740164397,14.841608978998677,14.853249674123594,14.865209487018722,14.877488417684061,14.890086466119611,14.903003632325371,14.916239916301341,14.929795318047523,14.943669837563915,14.957863474850518,14.972376229907331,14.987208102734355,15.00235909333159,15.017829201699035,15.033618427836691,15.049726771744558,15.066154233422635,15.082900812870923,15.099966510089422,15.117351325078131,15.135055257837051,15.153078308366181,15.171420476665521,15.190081762735073,15.209062166574835,15.228361688184808,15.247980327564992,15.267918084715387,15.288174959635992,15.308750952326807,15.329646062787834,15.350860291019071,15.372393637020519,15.394246100792177,15.416417682334046,15.438908381646126,15.461718198728416,15.484847133580917,15.508295186203629,15.532062356596551,15.556148644759684,15.580554050693028,15.605278574396582,15.630322215870347,15.655684975114323,15.681366852128509,15.707367846912906,15.733687959467515,15.760327189792333,15.787285537887362,15.814563003752601,15.842159587388052,15.870075288793712,15.898310107969584,15.926864044915666,15.955737099631959,15.984929272118462,16.014440562375174,16.044270970402099,16.074420496199235,16.104889139766581,16.135676901104137,16.166783780211905,16.198209777089883,16.229954891738071,16.262019124156474,16.294402474345084,16.327104942303905,16.360126528032936,16.393467231532178,16.42712705280163,16.461105991841293,16.495404048651167,16.530021223231252,16.564957515581547,16.600212925702053,16.635787453592766,16.671681099253693,16.707893862684831,16.744425743886179,16.781276742857738,16.818446859599508,16.855936094111488,16.893744446393679,16.931871916446081,16.970318504268693,17.009084209861516,17.04816903322455,17.087572974357794,17.127296033261249,17.167338209934915,17.207699504378791,17.248379916592878,17.289379446577179,17.330698094331687,17.372335859856406,17.414292743151336
CSIRO-Mk3-6-0,14.55125607976523,14.570434168163603,14.589971146779442,14.609867015612748,14.630121774663518,14.650735423931753,14.671707963417456,14.693039393120625,14.714729713041256,14.736778923179354,14.759187023534919,14.781954014107949,14.805079894898444,14.828564665906404,14.852408327131831,14.876610878574725,14.901172320235082,14.926092652112905,14.951371874208194,14.977009986520949,15.003006989051169,15.029362881798853,15.056077664764006,15.083151337946624,15.110583901346706,15.138375354964253,15.166525698799267,15.195034932851748,15.223903057121692,15.253130071609101,15.282715976313979,15.312660771236322,15.342964456376128,15.373627031733401,15.404648497308139,15.436028853100344,15.467768099110014,15.499866235337148,15.53232326178175,15.565139178443818,15.598313985323349,15.631847682420347,15.66574026973481,15.69999174726674,15.734602115016134,15.769571372982993,15.80489952116732,15.840586559569113,15.876632488188369,15.913037307025091,15.949801016079279,15.986923615350934,16.024405104840053,16.062245484546636,16.10044475447069,16.139002914612206,16.177919964971188,16.217195905547634,16.256830736341549,16.296824457352926,16.33717706858177,16.37788857002808,16.418958961691857,16.460388243573096,16.502176415671805,16.544323477987973,16.586829430521615,16.629694273272719,16.672918006241286,16.716500629427319,16.760442142830822,16.804742546451788,16.84940184029022,16.894420024346115,16.939797098619479,16.985533063110307,17.0316279178186,17.07808166274436,17.124894297887586,17.172065823248275,17.219596238826433,17.267485544622051,17.315733740635142,17.364340826865696,17.413306803313709,17.462631669979196,17.512315426862148,17.562358073962564,17.612759611280445,17.66352003881579,17.714639356568604,17.766117564538881,17.817954662726621,17.870150651131834,17.922705529754509,17.975619298594648,18.028891957652256,18.082523506927323,18.136513946419864,18.190863276129868
GFDL-CM3,15.016244433228625,15.040645902320007,15.065384629964637,15.090460616162517,15.115873860913648,15.14162436421803,15.167712126075662,15.194137146486545,15.220899425450675,15.247998962968058,15.27543575903869,15.303209813662573,15.331321126839706,15.359769698570089,15.38855552885372,15.417678617690605,15.447138965080738,15.476936571024122,15.507071435520755,15.537543558570638,15.568352940173773,15.599499580330157,15.630983479039791,15.662804636302678,15.694963052118812,15.727458726488196,15.76029165941083,15.793461850886716,15.826969300915852,15.860814009498238,15.894995976633872,15.92951520232276,15.964371686564895,15.999565429360283,16.035096430708919,16.070964690610804,16.107170209065941,16.14371298607433,16.180593021635968,16.217810315750853,16.25536486841899,16.293256679640379,16.331485749415016,16.370052077742908,16.408955664624045,16.44819651005843,16.487774614046071,16.527689976586959,16.567942597681096,16.608532477328488,16.649459615529125,16.690724012283017,16.732325667590153,16.774264581450549,16.816540753864185,16.859154184831073,16.902104874351217,16.945392822424605,16.989018029051248,17.03298049423114,17.07728021796428,17.121917200250671,17.166891441090311,17.212202940483206,17.257851698429345,17.303837714928736,17.350160989981379,17.396821523587271,17.443819315746417,17.491154366458808,17.538826675724447,17.586836243543342,17.635183069915485,17.683867154840879,17.732888498319522,17.782247100351416,17.831942960936559,17.881976080074953,17.932346457766599,17.983054094011493,18.034098988809639,18.085481142161033,18.137200554065675,18.189257224523573,18.241651153534718,18.294382341099109,18.347450787216758,18.400856491887652,18.454599455111801,18.508679676889194,18.563097157219843,18.617851896103737,18.672943893540882,18.728373149531283,18.784139664074928,18.840243437171829,18.896684468821974,18.953462759025371,19.010578307782019,19.068031115091916
GFDL-ESM2M,14.823492316727508,14.832634388852139,14.842044032090444,14.851721246442427,14.861666031908086,14.871878388487422,14.882358316180435,14.893105814987125,14.90412088490749,14.915403525941533,14.926953738089251,14.938771521350647,14.950856875725719,14.963209801214468,14.975830297816893,14.988718365532996,15.001874004362774,15.01529721430623,15.02898799536336,15.042946347534169,15.057172270818654,15.071665765216816,15.086426830728653,15.101455467354169,15.11675167509336,15.132315453946228,15.148146803912772,15.164245724992993,15.180612217186891,15.197246280494465,15.214147914915715,15.231317120450644,15.248753897099247,15.266458244861528,15.284430163737484,15.302669653727119,15.321176714830429,15.339951347047416,15.358993550378079,15.37830332482242,15.397880670380436,15.41772558705213,15.437838074837499,15.458218133736546,15.478865763749269,15.499780964875669,15.520963737115745,15.542414080469499,15.564131994936927,15.586117480518034,15.608370537212815,15.630891165021275,15.653679363943411,15.676735133979223,15.700058475128712,15.723649387391879,15.74750787076872,15.771633925259239,15.796027550863434,15.820688747581306,15.845617515412854,15.870813854358079,15.896277764416981,15.92200924558956,15.948008297875814,15.974274921275747,16.000809115789355,16.027610881416638,16.0546802181576,16.082017126012239,16.109621604980553,16.137493655062542,16.165633276258212,16.194040468567554,16.222715231990577,16.251657566527275,16.280867472177647,16.310344948941697,16.340089996819426,16.370102615810829,16.40038280591591,16.430930567134666,16.4617458994671,16.492828802913209,16.524179277472996,16.555797323146461,16.5876829399336,16.619836127834414,16.65225688684891,16.684945216977077,16.717901118218926,16.751124590574449,16.784615634043647,16.818374248626522,16.852400434323076,16.886694191133305,16.921255519057212,16.956084418094793,16.991180888246053,17.026544929510987
GISS-E2-H,14.910915855333981,14.930568355110021,14.950193993030936,14.969792769096724,14.989364683307386,15.008909735662924,15.028427926163333,15.047919254808619,15.067383721598777,15.086821326533808,15.106232069613716,15.125615950838496,15.144972970208151,15.164303127722679,15.183606423382081,15.202882857186358,15.222132429135508,15.241355139229531,15.260550987468431,15.279719973852202,15.298862098380848,15.317977361054369,15.337065761872763,15.356127300836032,15.375161977944174,15.394169793197189,15.413150746595081,15.432104838137844,15.451032067825484,15.469932435657995,15.48880594163538,15.507652585757642,15.526472368024775,15.545265288436783,15.564031346993666,15.582770543695421,15.601482878542051,15.620168351533556,15.638826962669933,15.657458711951186,15.676063599377311,15.694641624948311,15.713192788664186,15.731717090524933,15.750214530530556,15.768685108681051,15.787128824976421,15.805545679416666,15.823935672001783,15.842298802731774,15.860635071606641,15.87894447862638,15.897227023790993,15.915482707100482,15.933711528554843,15.95191348815408,15.970088585898189,15.988236821787172,16.006358195821029,16.024452707999764,16.042520358323369,16.060561146791848,16.078575073405201,16.096562138163428,16.114522341066532,16.132455682114507,16.150362161307356,16.168241778645079,16.186094534127676,16.203920427755147,16.221719459527495,16.239491629444714,16.257236937506807,16.274955383713774,16.292646968065615,16.310311690562333,16.327949551203922,16.345560549990385,16.363144686921721,16.380701961997932,16.398232375219017,16.415735926584979,16.433212616095812,16.450662443751519,16.468085409552099,16.485481513497554,16.502850755587886,16.520193135823089,16.537508654203165,16.554797310728116,16.57205910539794,16.589294038212643,16.606502109172215,16.623683318276662,16.640837665525982,16.657965150920177,16.675065774459249,16.692139536143191,16.709186435972008,16.726206473945698
GISS-E2-R,14.766302993437494,14.788181033419656,14.809987352575281,14.831721950904363,14.853384828406908,14.874975985082912,14.896495420932379,14.917943135955303,14.939319130151688,14.960623403521534,14.981855956064841,15.003016787781609,15.024105898671838,15.045123288735526,15.066068957972675,15.086942906383285,15.107745133967356,15.128475640724886,15.149134426655877,15.169721491760329,15.190236836038242,15.210680459489614,15.231052362114447,15.251352543912741,15.271581004884496,15.291737745029709,15.311822764348385,15.331836062840519,15.351777640506116,15.371647497345172,15.391445633357691,15.411172048543667,15.430826742903106,15.450409716436004,15.469920969142365,15.489360501022183,15.508728312075464,15.528024402302204,15.547248771702407,15.566401420276067,15.585482348023188,15.60449155494377,15.623429041037813,15.642294806305317,15.661088850746282,15.679811174360706,15.698461777148591,15.717040659109937,15.735547820244744,15.75398326055301,15.772346980034737,15.790638978689925,15.808859256518573,15.827007813520682,15.845084649696251,15.863089765045281,15.881023159567771,15.898884833263722,15.916674786133132,15.934393018176005,15.952039529392337,15.96961431978213,15.987117389345382,16.004548738082093,16.021908365992267,16.039196273075902,16.056412459332996,16.073556924763555,16.090629669367569,16.107630693145047,16.124559996095982,16.141417578220381,16.158203439518239,16.174917579989557,16.191559999634336,16.208130698452578,16.224629676444277,16.241056933609439,16.257412469948058,16.27369628546014,16.289908380145683,16.306048754004685,16.322117407037148,16.338114339243074,16.354039550622456,16.369893041175303,16.385674810901605,16.401384859801372,16.417023187874598,16.432589795121284,16.448084681541431,16.463507847135041,16.478859291902108,16.494139015842638,16.509347018956625,16.524483301244075,16.539547862704985,16.554540703339356,16.569461823147186,16.584311222128477
HadGEM2-ES,14.886648720198412,14.905408740691728,14.924678110469662,14.944456829532216,14.964744897879386,14.985542315511179,15.006849082427586,15.028665198628614,15.050990664114261,15.073825478884524,15.097169642939408,15.121023156278911,15.145386018903032,15.17025823081177,15.19563979200513,15.221530702483106,15.2479309622457,15.274840571292916,15.302259529624749,15.330187837241199,15.35862549414227,15.387572500327959,15.417028855798264,15.446994560553192,15.477469614592737,15.508454017916899,15.539947770525682,15.571950872419082,15.6044633235971,15.63748512405974,15.671016273806995,15.705056772838869,15.739606621155366,15.774665818756477,15.810234365642208,15.846312261812558,15.882899507267526,15.919996102007111,15.957602046031319,15.995717339340143,16.034341981933586,16.073475973811647,16.113119314974327,16.153272005421627,16.193934045153544,16.23510543417008,16.276786172471233,16.318976260057006,16.361675696927399,16.404884483082409,16.448602618522038,16.492830103246288,16.537566937255153,16.582813120548639,16.628568653126745,16.674833534989467,16.721607766136806,16.768891346568768,16.816684276285347,16.864986555286542,16.913798183572361,16.963119161142796,17.012949487997847,17.063289164137519,17.11413818956181,17.165496564270718,17.217364288264246,17.269741361542394,17.322627784105155,17.376023555952543,17.429928677084543,17.484343147501164,17.539266967202405,17.594700136188262,17.650642654458739,17.707094522013836,17.76405573885355,17.82152630497788,17.879506220386833,17.937995485080403,17.99699409905859,18.0565020623214,18.116519374868826,18.177046036700869,18.238082047817535,18.299627408218818,18.361682117904714,18.424246176875236,18.487319585130376,18.550902342670128,18.614994449494503,18.679595905603499,18.744706710997111,18.810326865675343,18.876456369638195,18.94309522288566,19.010243425417748,19.077900977234457,19.146067878335778,19.214744128721719
IPSL-CM5A-LR,14.986726628984616,15.000226929630855,15.014198697993281,15.028641934071894,15.043556637866692,15.058942809377674,15.074800448604845,15.0911295555482,15.107930130207741,15.125202172583467,15.14294568267538,15.16116066048348,15.179847106007765,15.199005019248235,15.218634400204893,15.238735248877735,15.259307565266763,15.280351349371976,15.301866601193376,15.323853320730963,15.346311507984735,15.369241162954692,15.392642285640838,15.416514876043166,15.440858934161682,15.465674459996382,15.490961453547269,15.516719914814344,15.542949843797603,15.569651240497047,15.596824104912679,15.624468437044495,15.652584236892498,15.681171504456685,15.71023023973706,15.739760442733621,15.769762113446367,15.800235251875298,15.831179858020418,15.862595931881721,15.894483473459211,15.926842482752885,15.959672959762747,15.992974904488795,16.026748316931027,16.060993197089449,16.095709544964052,16.130897360554844,16.166556643861821,16.202687394884983,16.239289613624329,16.276363300079868,16.313908454251589,16.351925076139494,16.390413165743588,16.429372723063864,16.468803748100328,16.508706240852977,16.549080201321814,16.589925629506837,16.631242525408041,16.673030889025437,16.715290720359015,16.758022019408781,16.801224786174732,16.844899020656868,16.889044722855189,16.933661892769702,16.978750530400397,17.024310635747277,17.070342208810345,17.116845249589595,17.163819758085033,17.211265734296656,17.259183178224468,17.307572089868465,17.356432469228643,17.405764316305014,17.455567631097566,17.505842413606306,17.556588663831231,17.607806381772345,17.659495567429637,17.711656220803125,17.764288341892794,17.817391930698648,17.87096698722069,17.925013511458914,17.979531503413327,18.034520963083928,18.08998189047071,18.145914285573681,18.202318148392834,18.259193478928179,18.316540277179705,18.374358543147419,18.432648276831319,18.491409478231407,18.550642147347673,18.610346284180135
IPSL-CM5A-MR,14.828187660973104,14.842996625477024,14.858267316852357,14.873999735099103,14.890193880217259,14.90684975220683,14.923967351067812,14.941546676800204,14.959587729404012,14.97809050887923,14.997055015225861,15.016481248443904,15.03636920853336,15.056718895494226,15.077530309326507,15.098803450030196,15.120538317605302,15.142734912051818,15.165393233369747,15.188513281559088,15.212095056619839,15.236138558552005,15.260643787355583,15.285610743030571,15.311039425576974,15.336929834994788,15.363281971284014,15.390095834444653,15.417371424476704,15.445108741380166,15.473307785155042,15.501968555801326,15.531091053319027,15.560675277708139,15.590721228968663,15.621228907100599,15.652198312103947,15.683629443978708,15.715522302724882,15.747876888342464,15.780693200831463,15.813971240191872,15.847711006423694,15.881912499526928,15.916575719501575,15.951700666347632,15.987287340065103,16.023335740653984,16.05984586811428,16.096817722445987,16.134251303649105,16.172146611723637,16.210503646669579,16.249322408486936,16.288602897175707,16.328345112735885,16.368549055167477,16.409214724470484,16.450342120644901,16.491931243690729,16.533982093607975,16.576494670396624,16.619468974056691,16.662905004588168,16.70680276199106,16.751162246265363,16.795983457411076,16.841266395428207,16.887011060316745,16.933217452076697,16.97988557070806,17.027015416210833,17.074606988585025,17.122660287830623,17.171175313947636,17.220152066936059,17.269590546795897,17.319490753527148,17.369852687129807,17.42067634760388,17.471961734949367,17.523708849166265,17.575917690254578,17.6285882582143,17.68172055304543,17.735314574747981,17.78937032332194,17.843887798767309,17.898867001084092,17.954307930272289,18.010210586331898,18.066574969262916,18.123401079065353,18.180688915739196,18.238438479284451,18.296649769701123,18.355322786989202,18.414457531148695,18.474054002179603,18.534112200081921
MIROC-ESM,14.669689904853058,14.712630773611064,14.755596431058006,14.798586877193889,14.841602112018709,14.884642135532467,14.927706947735164,14.970796548626799,15.013910938207372,15.057050116476885,15.100214083435336,15.143402839082725,15.18661638341905,15.229854716444317,15.27311783815852,15.316405748561664,15.359718447653744,15.403055935434764,15.446418211904721,15.489805277063619,15.533217130911453,15.576653773448225,15.620115204673937,15.663601424588586,15.707112433192174,15.750648230484702,15.794208816466167,15.83779419113657,15.88140435449591,15.925039306544191,15.968699047281408,16.012383576707567,16.056092894822662,16.099827001626696,16.143585897119667,16.187369581301578,16.231178054172428,16.275011315732215,16.318869365980941,16.362752204918607,16.406659832545209,16.450592248860747,16.494549453865226,16.538531447558643,16.582538229941001,16.626569801012295,16.670626160772528,16.714707309221701,16.758813246359811,16.80294397218686,16.847099486702845,16.89127978990777,16.935484881801635,16.979714762384436,17.023969431656177,17.068248889616854,17.11255313626647,17.156882171605027,17.201235995632519,17.245614608348951,17.290018009754323,17.334446199848632,17.37889917863188,17.423376946104067,17.467879502265191,17.512406847115255,17.556958980654255,17.601535902882194,17.646137613799073,17.690764113404889,17.735415401699644,17.780091478683339,17.82479234435597,17.869517998717541,17.914268441768044,17.959043673507491,18.003843693935877,18.0486685030532,18.093518100859463,18.138392487354665,18.183291662538803,18.228215626411881,18.273164378973895,18.318137920224849,18.363136250164743,18.408159368793573,18.453207276111343,18.498279972118048,18.543377456813694,18.588499730198279,18.633646792271801,18.678818643034262,18.724015282485663,18.769236710626,18.814482927455277,18.859753932973494,18.905049727180646,18.950370310076739,18.995715681661768,19.041085841935736
MIROC5,14.617169294882615,14.630841026198935,14.644916795274018,14.659396602107869,14.674280446700484,14.689568329051866,14.705260249162015,14.721356207030928,14.737856202658607,14.754760236045053,14.772068307190262,14.789780416094239,14.807896562756982,14.826416747178488,14.845340969358762,14.864669229297801,14.884401526995607,14.904537862452178,14.925078235667513,14.946022646641616,14.967371095374483,14.989123581866117,15.011280106116518,15.033840668125682,15.056805267893614,15.080173905420311,15.103946580705772,15.128123293750001,15.152704044552996,15.177688833114754,15.20307765943528,15.228870523514571,15.255067425352628,15.281668364949452,15.308673342305038,15.336082357419393,15.363895410292512,15.392112500924398,15.42073362931505,15.449758795464467,15.47918799937265,15.5090212410396,15.539258520465312,15.569899837649793,15.60094519259304,15.632394585295049,15.664248015755827,15.69650548397537,15.729166989953679,15.762232533690755,15.795702115186593,15.8295757344412,15.863853391454571,15.898535086226708,15.933620818757612,15.969110589047281,16.005004397095718,16.041302242902916,16.078004126468883,16.115110047793614,16.152620006877115,16.190534003719375,16.228852038320404,16.267574110680197,16.30670022079876,16.346230368676085,16.386164554312177,16.426502777707036,16.467245038860661,16.508391337773048,16.549941674444206,16.591896048874123,16.63425446106281,16.677016911010263,16.720183398716483,16.763753924181465,16.807728487405214,16.852107088387729,16.896889727129011,16.942076403629056,16.98766711788787,17.033661869905448,17.080060659681791,17.126863487216902,17.174070352510775,17.221681255563418,17.269696196374827,17.318115174944996,17.366938191273938,17.41616524536164,17.465796337208111,17.515831466813346,17.56627063417735,17.617113839300114,17.668361082181647,17.720012362821944,17.77206768122101,17.824527037378839,17.877390431295435,17.930657862970797
MRI-CGCM3,14.643380619389299,14.648427431158497,14.653921694838614,14.659863410429654,14.666252577931616,14.673089197344499,14.680373268668303,14.688104791903028,14.696283767048675,14.704910194105244,14.713984073072732,14.723505403951144,14.733474186740477,14.743890421440732,14.754754108051907,14.766065246574003,14.777823837007022,14.790029879350962,14.802683373605822,14.815784319771605,14.82933271784831,14.843328567835936,14.857771869734483,14.872662623543951,14.888000829264341,14.903786486895653,14.920019596437884,14.936700157891039,14.953828171255115,14.971403636530113,14.989426553716031,15.00789692281287,15.026814743820632,15.046180016739315,15.065992741568918,15.086252918309444,15.106960546960892,15.128115627523261,15.149718159996551,15.171768144380762,15.194265580675895,15.21721046888195,15.240602808998924,15.264442601026822,15.288729844965641,15.313464540815382,15.338646688576043,15.364276288247625,15.39035333983013,15.416877843323556,15.443849798727902,15.471269206043171,15.499136065269361,15.527450376406474,15.556212139454507,15.585421354413461,15.615078021283336,15.645182140064135,15.675733710755852,15.706732733358493,15.738179207872054,15.770073134296538,15.802414512631943,15.835203342878268,15.868439625035515,15.902123359103685,15.936254545082774,15.970833182972786,16.005859272773719,16.041332814485575,16.077253808108352,16.113622253642045,16.150438151086668,16.187701500442206,16.225412301708666,16.263570554886051,16.302176259974356,16.341229416973583,16.380730025883729,16.420678086704797,16.461073599436787,16.5019165640797,16.543206980633535,16.584944849098289,16.627130169473965,16.669762941760563,16.712843165958084,16.75637084206652,16.800345970085885,16.844768550016166,16.889638581857369,16.934956065609498,16.980721001272546,17.026933388846516,17.073593228331404,17.120700519727215,17.168255263033949,17.216257458251604,17.264707105380182,17.313604204419679
NorESM1-M,14.772939419370594,14.788794757154719,14.805002650040556,14.821563098028108,14.838476101117372,14.855741659308348,14.87335977260104,14.891330440995443,14.909653664491561,14.928329443089391,14.947357776788934,14.966738665590189,14.986472109493159,15.00655810849784,15.026996662604239,15.047787771812347,15.068931436122169,15.090427655533704,15.112276430046952,15.134477759661914,15.15703164437859,15.179938084196976,15.203197079117079,15.226808629138892,15.250772734262419,15.275089394487662,15.299758609814615,15.324780380243281,15.350154705773662,15.375881586405754,15.401961022139563,15.428393012975082,15.455177558912315,15.48231465995126,15.50980431609192,15.537646527334292,15.565841293678378,15.594388615124176,15.623288491671689,15.652540923320913,15.682145910071853,15.712103451924504,15.742413548878869,15.773076200934945,15.804091408092736,15.835459170352239,15.867179487713459,15.899252360176389,15.931677787741032,15.964455770407389,15.997586308175459,16.031069401045244,16.064905049016737,16.099093252089947,16.133634010264871,16.168527323541504,16.203773191919854,16.239371615399918,16.275322593981691,16.311626127665182,16.348282216450382,16.385290860337296,16.422652059325927,16.460365813416267,16.498432122608321,16.536850986902088,16.575622406297569,16.614746380794763,16.654222910393671,16.694051995094291,16.734233634896622,16.77476782980067,16.815654579806431,16.856893884913902,16.898485745123089,16.940430160433987,16.982727130846598,17.025376656360926,17.068378736976964,17.111733372694715,17.155440563514183,17.199500309435361,17.243912610458253,17.288677466582858,17.333794877809176,17.379264844137204,17.425087365566949,17.471262442098407,17.517790073731575,17.564670260466457,17.611903002303055,17.659488299241364,17.707426151281389,17.755716558423128,17.804359520666576,17.853355038011738,17.902703110458614,17.952403738007202,18.002456920657504,18.05286265840952
bcc-csm1-1-m,14.588755698944977,14.621140468427425,14.653478335532649,14.685769300260645,14.718013362611416,14.750210522584963,14.782360780181282,14.814464135400378,14.846520588242246,14.878530138706889,14.910492786794308,14.9424085325045,14.974277375837467,15.006099316793208,15.037874355371722,15.069602491573013,15.101283725397076,15.132918056843915,15.164505485913528,15.196046012605915,15.227539636921076,15.258986358859014,15.290386178419723,15.32173909560321,15.353045110409468,15.384304222838502,15.41551643289031,15.446681740564893,15.477800145862251,15.508871648782382,15.539896249325286,15.570873947490968,15.601804743279422,15.63268863669065,15.663525627724654,15.694315716381432,15.725058902660983,15.755755186563311,15.786404568088411,15.817007047236288,15.847562624006937,15.878071298400361,15.90853307041656,15.938947940055533,15.969315907317281,15.999636972201801,16.029911134709096,16.060138394839168,16.090318752592012,16.120452207967631,16.150538760966029,16.180578411587195,16.210571159831137,16.240517005697853,16.270415949187345,16.300267990299609,16.330073129034652,16.359831365392466,16.389542699373052,16.419207130976417,16.448824660202558,16.478395287051466,16.507919011523157,16.537395833617616,16.566825753334854,16.59620877067486,16.625544885637645,16.654834098223205,16.684076408431537,16.713271816262644,16.74242032171653,16.771521924793181,16.800576625492614,16.829584423814818,16.858545319759799,16.88745931332755,16.916326404518081,16.94514659333138,16.973919879767458,17.002646263826311,17.031325745507935,17.059958324812335,17.088544001739514,17.117082776289458,17.145574648462183,17.174019618257681,17.202417685675954,17.230768850716998,17.259073113380822,17.287330473667417,17.315540931576784,17.34370448710893,17.371821140263851,17.399890891041544,17.427913739442012,17.455889685465252,17.48381872911127,17.511700870380057,17.539536109271623,17.567324445785964
bcc-csm1-1,14.654254842585848,14.679397813894674,14.704609620910528,14.729890263633413,14.755239742063324,14.780658056200267,14.806145206044238,14.831701191595238,14.857326012853267,14.883019669818326,14.908782162490414,14.93461349086953,14.960513654955676,14.986482654748849,15.012520490249052,15.038627161456287,15.064802668370548,15.09104701099184,15.117360189320159,15.14374220335551,15.170193053097886,15.196712738547294,15.223301259703732,15.249958616567197,15.276684809137691,15.303479837415216,15.330343701399769,15.357276401091351,15.384277936489962,15.411348307595601,15.438487514408269,15.465695556927969,15.492972435154696,15.520318149088453,15.547732698729238,15.575216084077054,15.602768305131896,15.630389361893769,15.658079254362672,15.685837982538603,15.713665546421563,15.741561946011553,15.769527181308572,15.797561252312619,15.825664159023695,15.8538359014418,15.882076479566933,15.910385893399098,15.938764142938291,15.967211228184514,15.995727149137764,16.024311905798044,16.052965498165353,16.081687926239692,16.11047919002106,16.139339289509454,16.168268224704882,16.197265995607335,16.226332602216821,16.255468044533334,16.284672322556876,16.313945436287447,16.343287385725048,16.372698170869675,16.402177791721336,16.431726248280018,16.461343540545737,16.491029668518483,16.520784632198257,16.550608431585061,16.580501066678895,16.610462537479755,16.640492843987648,16.670591986202567,16.700759964124519,16.730996777753496,16.761302427089504,16.791676912132541,16.822120232882607,16.8526323893397,16.883213381503822,16.913863209374973,16.944581872953158,16.975369372238369,17.006225707230609,17.037150877929879,17.068144884336178,17.099207726449503,17.130339404269861,17.161539917797246,17.192809267031663,17.224147451973106,17.255554472621579,17.287030328977082,17.318575021039614,17.350188548809172,17.381870912285763,17.41362211146938,17.445442146360026,17.477331016957702
